{
    "zero_optimization": {
        "stage": 3,
        "offload_param": {
            "device": "cpu",
            "pin_memory": true
        },
        "offload_optimizer": {
            "device": "cpu",
            "pin_memory": true
        },
        "overlap_comm": true,
        "contiguous_gradients": true,
        "sub_group_size": 1e9,
        "reduce_bucket_size": 1e9,
        "stage3_prefetch_bucket_size": 1e9,
        "stage3_param_persistence_threshold": 1e9
    },
    "fp16": {
        "enabled": true,
        "loss_scale": 0,
        "loss_scale_window": 1000,
        "initial_scale_power": 16,
        "hysteresis": 2,
        "min_loss_scale": 1
    },
    "gradient_clipping": 1.0,
    "train_batch_size": "auto",
    "train_micro_batch_size_per_gpu": "auto",
    "gradient_accumulation_steps": "auto"
}